上位のページ,クリック数,表示回数,CTR,掲載順位
https://www.kurosawakoumuten.co.jp/,543,14902,3.64%,13.65
https://www.kurosawakoumuten.co.jp/company/,69,5345,1.29%,8.93
https://www.kurosawakoumuten.co.jp/gallery/,68,5330,1.28%,8.04
https://www.kurosawakoumuten.co.jp/model/,53,6772,0.78%,11.44
https://www.kurosawakoumuten.co.jp/blog/,47,4781,0.98%,7.26
https://www.kurosawakoumuten.co.jp/note/myhome-success/,41,542,7.56%,12.2
https://www.kurosawakoumuten.co.jp/reform/,34,5660,0.6%,12.66
https://www.kurosawakoumuten.co.jp/note/what-is-the-best-way-to-find-land/,22,1499,1.47%,18.95
https://www.kurosawakoumuten.co.jp/area/matsudo-shi/,20,928,2.16%,8
https://www.kurosawakoumuten.co.jp/note/ti-kitokusei/,20,905,2.21%,6.71
https://www.kurosawakoumuten.co.jp/technical/,19,3312,0.57%,7.49
https://www.kurosawakoumuten.co.jp/thermal/,17,571,2.98%,7.32
https://www.kurosawakoumuten.co.jp/blog/staff/,16,64,25%,4.73
https://www.kurosawakoumuten.co.jp/note/yukadanbou/,14,2340,0.6%,8.8
https://www.kurosawakoumuten.co.jp/area/tokorozawa-shi/,14,723,1.94%,13.41
https://www.kurosawakoumuten.co.jp/area/toda-shi/,14,633,2.21%,24.32
https://www.kurosawakoumuten.co.jp/note/heatshock/,14,230,6.09%,15.73
https://www.kurosawakoumuten.co.jp/note/high-insulation-house/,14,111,12.61%,5.95
https://www.kurosawakoumuten.co.jp/kevala/,13,200,6.5%,10.29
https://www.kurosawakoumuten.co.jp/japanese/,11,445,2.47%,25.7
https://www.kurosawakoumuten.co.jp/note/prima/,11,245,4.49%,9.02
https://www.kurosawakoumuten.co.jp/area/soka-shi/,10,598,1.67%,11.31
https://www.kurosawakoumuten.co.jp/topics/new-model-house-open-2025/,10,551,1.81%,20.54
https://www.kurosawakoumuten.co.jp/history/,9,2628,0.34%,8.12
https://www.kurosawakoumuten.co.jp/area/saitama-shi_urawa-ku/,9,1009,0.89%,21.16
https://www.kurosawakoumuten.co.jp/blog/kurosawakoumutensaitama/,9,246,3.66%,3.54
https://www.kurosawakoumuten.co.jp/area/ageo-shi/,8,856,0.93%,15.95
https://www.kurosawakoumuten.co.jp/contact/,8,525,1.52%,11.79
https://www.kurosawakoumuten.co.jp/note/hiraya-jutaku-point/,8,496,1.61%,12.15
https://www.kurosawakoumuten.co.jp/note/kentikugaisyanoerabikata/,8,124,6.45%,14.69
https://www.kurosawakoumuten.co.jp/area/yachiyo-shi/,7,1904,0.37%,11
https://www.kurosawakoumuten.co.jp/area/kawaguchi-shi/,7,1060,0.66%,11.14
https://www.kurosawakoumuten.co.jp/family/,7,293,2.39%,11.18
https://www.kurosawakoumuten.co.jp/note/reformkurosawa/,7,232,3.02%,14.96
https://www.kurosawakoumuten.co.jp/dellacasa/,7,141,4.96%,8.65
https://www.kurosawakoumuten.co.jp/master/,7,83,8.43%,15.84
https://www.kurosawakoumuten.co.jp/area/higashikurume-shi/,6,702,0.85%,23.81
https://www.kurosawakoumuten.co.jp/blog/camera_nikon/,6,376,1.6%,10.33
https://www.kurosawakoumuten.co.jp/area/asaka-shi/,5,610,0.82%,21.2
https://www.kurosawakoumuten.co.jp/area/iruma-shi/,5,593,0.84%,13.79
https://www.kurosawakoumuten.co.jp/area/saitama-shi_omiya-ku/,5,447,1.12%,19.42
https://www.kurosawakoumuten.co.jp/area/,5,240,2.08%,19.22
https://www.kurosawakoumuten.co.jp/comfort/,5,232,2.16%,10.55
https://www.kurosawakoumuten.co.jp/note/kurosawakoumuten/,5,112,4.46%,14.57
https://www.kurosawakoumuten.co.jp/blog/happy-2/,5,41,12.2%,4.93
https://www.kurosawakoumuten.co.jp/blog/post-0-242/,5,16,31.25%,3.06
https://www.kurosawakoumuten.co.jp/blog/nice-kitchen/,5,6,83.33%,1.17
https://www.kurosawakoumuten.co.jp/area/kashiwa-shi/,4,805,0.5%,13.13
https://www.kurosawakoumuten.co.jp/area/nishi-tokyo-shi/,4,587,0.68%,17.68
https://www.kurosawakoumuten.co.jp/area/noda-shi/,4,574,0.7%,12.37
https://www.kurosawakoumuten.co.jp/area/higashiyamato-shi/,4,487,0.82%,11.79
https://www.kurosawakoumuten.co.jp/note/taishin-tokyu-3/,4,415,0.96%,15
https://www.kurosawakoumuten.co.jp/lands/,4,150,2.67%,29.97
https://www.kurosawakoumuten.co.jp/books/,4,93,4.3%,19.59
https://www.kurosawakoumuten.co.jp/tag/賃貸物件/,4,20,20%,4.3
https://www.kurosawakoumuten.co.jp/topics/event/,4,17,23.53%,10.94
https://www.kurosawakoumuten.co.jp/tag/全館空調/,4,16,25%,6.62
https://www.kurosawakoumuten.co.jp/topics/regular-holiday/,4,9,44.44%,4.44
https://www.kurosawakoumuten.co.jp/note/kosodate-eco-home-2024-reform/,3,597,0.5%,12.92
https://www.kurosawakoumuten.co.jp/area/wako-shi/,3,561,0.53%,14.1
https://www.kurosawakoumuten.co.jp/area/okegawa-shi/,3,496,0.6%,9.97
https://www.kurosawakoumuten.co.jp/area/sayama-shi/,3,493,0.61%,17.12
https://www.kurosawakoumuten.co.jp/area/warabi-shi/,3,474,0.63%,14.62
https://www.kurosawakoumuten.co.jp/area/konosu-shi/,3,423,0.71%,13.34
https://www.kurosawakoumuten.co.jp/area/kazo-shi/,3,422,0.71%,15.28
https://www.kurosawakoumuten.co.jp/area/shiki-shi/,3,396,0.76%,15.12
https://www.kurosawakoumuten.co.jp/area/kasukabe-shi/,3,317,0.95%,18.91
https://www.kurosawakoumuten.co.jp/plusone/,3,278,1.08%,18.33
https://www.kurosawakoumuten.co.jp/money/,3,195,1.54%,11.5
https://www.kurosawakoumuten.co.jp/reason/,3,74,4.05%,7.51
https://www.kurosawakoumuten.co.jp/blog/camera-3/,3,57,5.26%,3.39
https://www.kurosawakoumuten.co.jp/note/note-13742/,3,54,5.56%,29.2
https://www.kurosawakoumuten.co.jp/gallery/kuki-m/,3,28,10.71%,4.36
https://www.kurosawakoumuten.co.jp/blog/post-0-690/,3,16,18.75%,8.12
https://www.kurosawakoumuten.co.jp/comfort/attachment/kevala-2/,3,15,20%,3.13
https://www.kurosawakoumuten.co.jp/blog/openhouselineinstagramnewmodelhousemyhome/,3,15,20%,5.4
https://www.kurosawakoumuten.co.jp/blog/post-0-323/,3,13,23.08%,5.92
https://www.kurosawakoumuten.co.jp/tag/外壁/,3,8,37.5%,2.62
https://www.kurosawakoumuten.co.jp/tag/完成見学会/,3,4,75%,2.5
https://www.kurosawakoumuten.co.jp/blog/shizen_kaiwai/,2,2292,0.09%,3.43
https://www.kurosawakoumuten.co.jp/area/kawagoe-shi/,2,727,0.28%,19.27
https://www.kurosawakoumuten.co.jp/area/niiza-shi/,2,551,0.36%,12.29
https://www.kurosawakoumuten.co.jp/area/hanno-shi/,2,471,0.42%,13.17
https://www.kurosawakoumuten.co.jp/concept/,2,457,0.44%,30.07
https://www.kurosawakoumuten.co.jp/area/kitamoto-shi/,2,444,0.45%,10.51
https://www.kurosawakoumuten.co.jp/area/kuki-shi/,2,435,0.46%,16.05
https://www.kurosawakoumuten.co.jp/area/sakado-shi/,2,424,0.47%,19.97
https://www.kurosawakoumuten.co.jp/area/gyoda-shi/,2,315,0.63%,12.77
https://www.kurosawakoumuten.co.jp/topics/open-house_soka_2025/,2,211,0.95%,49.26
https://www.kurosawakoumuten.co.jp/topics/kurosawasuumo/,2,204,0.98%,8.28
https://www.kurosawakoumuten.co.jp/blog/ueno-zoological-gardens/,2,196,1.02%,5.02
https://www.kurosawakoumuten.co.jp/area/saitamashi_iwatsukiku/,2,184,1.09%,17.22
https://www.kurosawakoumuten.co.jp/topics/model-house-new-open/,2,150,1.33%,30.15
https://www.kurosawakoumuten.co.jp/note/kosodate-green-housing-subsidy2025/,2,148,1.35%,7.35
https://www.kurosawakoumuten.co.jp/blog/kodak-double-x/,2,127,1.57%,2.9
https://www.kurosawakoumuten.co.jp/blog/omiya_kita-5/,2,109,1.83%,26.17
https://www.kurosawakoumuten.co.jp/blog/schedule/,2,93,2.15%,8.89
https://www.kurosawakoumuten.co.jp/blog/post-0-572/,2,72,2.78%,9.04
https://www.kurosawakoumuten.co.jp/award/,2,69,2.9%,37.33
https://www.kurosawakoumuten.co.jp/area/saitama-shi_nishi-ku/,2,63,3.17%,21.49
https://www.kurosawakoumuten.co.jp/gallery_reform/,2,56,3.57%,19.59
https://www.kurosawakoumuten.co.jp/iso/,2,44,4.55%,4.36
https://www.kurosawakoumuten.co.jp/tag/大宮北モデルハウス/,2,43,4.65%,7.65
https://www.kurosawakoumuten.co.jp/gallery/saitama-o/,2,41,4.88%,20.73
https://www.kurosawakoumuten.co.jp/note/zeh/,2,38,5.26%,26.61
https://www.kurosawakoumuten.co.jp/history/attachment/img_his_13/,2,21,9.52%,5.29
https://www.kurosawakoumuten.co.jp/blog/post-0-504/,2,21,9.52%,6.19
https://www.kurosawakoumuten.co.jp/topics/youtube-collaboration-2025/,2,21,9.52%,8.1
https://www.kurosawakoumuten.co.jp/blog/im-starting-a-diary/,2,20,10%,4.6
https://www.kurosawakoumuten.co.jp/blog/post-0-250/,2,20,10%,7.05
https://www.kurosawakoumuten.co.jp/tag/miraizu/,2,14,14.29%,2.57
https://www.kurosawakoumuten.co.jp/topics/post-0-517/,2,12,16.67%,27.75
https://www.kurosawakoumuten.co.jp/tag/住宅性能/,2,8,25%,7.38
https://www.kurosawakoumuten.co.jp/topics/house-seminar-2024-11/,2,2,100%,8
https://www.kurosawakoumuten.co.jp/area/fujimi-shi/,1,520,0.19%,19.18
https://www.kurosawakoumuten.co.jp/topics/newopenmodelhouse/,1,347,0.29%,16.24
https://www.kurosawakoumuten.co.jp/design/,1,320,0.31%,21.93
https://www.kurosawakoumuten.co.jp/area/fujimino-shi/,1,311,0.32%,24.11
https://www.kurosawakoumuten.co.jp/area/higashi-matsuyama-shi/,1,292,0.34%,27.33
https://www.kurosawakoumuten.co.jp/longtrem/,1,241,0.41%,12.74
https://www.kurosawakoumuten.co.jp/note/land-you-shouldnt-buy/,1,211,0.47%,24.5
https://www.kurosawakoumuten.co.jp/area/saitama-shi_minami-ku/,1,183,0.55%,36.37
https://www.kurosawakoumuten.co.jp/zeh/,1,171,0.58%,26.47
https://www.kurosawakoumuten.co.jp/blog/post-0-503/,1,153,0.65%,22.86
https://www.kurosawakoumuten.co.jp/area/saitama-shi_minuma-ku/,1,149,0.67%,8.58
https://www.kurosawakoumuten.co.jp/area/kitaadachi-gun-ina-machi/,1,131,0.76%,10.58
https://www.kurosawakoumuten.co.jp/blog/post-0-299/,1,116,0.86%,29.16
https://www.kurosawakoumuten.co.jp/gallery/saitama-custom-home/,1,51,1.96%,3.69
https://www.kurosawakoumuten.co.jp/topics/line/,1,49,2.04%,54.18
https://www.kurosawakoumuten.co.jp/blog/regional-classification/,1,42,2.38%,8.74
https://www.kurosawakoumuten.co.jp/gallery/iruma-s/,1,38,2.63%,10.39
https://www.kurosawakoumuten.co.jp/blog/omiya_kita/,1,36,2.78%,35.89
https://www.kurosawakoumuten.co.jp/area/hiki-gun-kawajima-machi/,1,34,2.94%,22.41
https://www.kurosawakoumuten.co.jp/topics/owners-house/,1,30,3.33%,7.13
https://www.kurosawakoumuten.co.jp/note/,1,29,3.45%,11.59
https://www.kurosawakoumuten.co.jp/area/saitama-shi_sakura-ku/,1,26,3.85%,17
https://www.kurosawakoumuten.co.jp/topics/instagram-live-part17/,1,24,4.17%,5.79
https://www.kurosawakoumuten.co.jp/topics/,1,24,4.17%,14.08
https://www.kurosawakoumuten.co.jp/voice/tokorozawa_s/,1,23,4.35%,7.35
https://www.kurosawakoumuten.co.jp/blog/ramen/,1,23,4.35%,17.26
https://www.kurosawakoumuten.co.jp/topics/introduction-3/,1,21,4.76%,11.95
https://www.kurosawakoumuten.co.jp/gallery/kukishi-nisetaijuutaku/,1,21,4.76%,14.33
https://www.kurosawakoumuten.co.jp/topics/prima-completion-tour/,1,20,5%,13.1
https://www.kurosawakoumuten.co.jp/topics/post-0-347/,1,19,5.26%,6.42
https://www.kurosawakoumuten.co.jp/blog/post-0-8/,1,16,6.25%,26.31
https://www.kurosawakoumuten.co.jp/noimg/,1,15,6.67%,8
https://www.kurosawakoumuten.co.jp/privacy/,1,15,6.67%,16.6
https://www.kurosawakoumuten.co.jp/topics/kurosawa-spring-festival_2025/,1,14,7.14%,5.64
https://www.kurosawakoumuten.co.jp/gallery/koshigaya-construction-example/,1,14,7.14%,7.07
https://www.kurosawakoumuten.co.jp/blog/post-0-394/,1,14,7.14%,17.07
https://www.kurosawakoumuten.co.jp/blog/new-discovery/,1,14,7.14%,24.57
https://www.kurosawakoumuten.co.jp/blog/ghibli-love/,1,13,7.69%,11.38
https://www.kurosawakoumuten.co.jp/gallery/ageo/,1,13,7.69%,38.23
https://www.kurosawakoumuten.co.jp/tag/住宅展示場/,1,12,8.33%,5.58
https://www.kurosawakoumuten.co.jp/blog/sincerely-consistent/,1,11,9.09%,6
https://www.kurosawakoumuten.co.jp/blog/baby-schema/,1,11,9.09%,13.73
https://www.kurosawakoumuten.co.jp/topics/post-0-401/,1,11,9.09%,15
https://www.kurosawakoumuten.co.jp/topics/house-seminar-2025-10/,1,9,11.11%,6
https://www.kurosawakoumuten.co.jp/blog/sainokuni-iehaku-last2days/,1,9,11.11%,8.44
https://www.kurosawakoumuten.co.jp/blog/cupnoodles-museum/,1,9,11.11%,19.33
https://www.kurosawakoumuten.co.jp/gallery_reform/saitama-shi/attachment/dsc_0006/,1,8,12.5%,5.25
https://www.kurosawakoumuten.co.jp/gallery/minamisaitamahiraya/,1,8,12.5%,5.38
https://www.kurosawakoumuten.co.jp/blog/rooftop-garden/,1,8,12.5%,6
https://www.kurosawakoumuten.co.jp/topics/iedukurikurosawasaitama/,1,8,12.5%,7.12
https://www.kurosawakoumuten.co.jp/tag/断熱材/,1,7,14.29%,4.43
https://www.kurosawakoumuten.co.jp/gallery/ageo-t/,1,7,14.29%,5.14
https://www.kurosawakoumuten.co.jp/note/housemaker-or-land/,1,7,14.29%,5.29
https://www.kurosawakoumuten.co.jp/tag/気密性能/,1,7,14.29%,6.86
https://www.kurosawakoumuten.co.jp/blog/camera-37/,1,7,14.29%,8
https://www.kurosawakoumuten.co.jp/voice/kuki-shinnchiku/,1,7,14.29%,20.86
https://www.kurosawakoumuten.co.jp/gallery/kawaguchiokujyou/,1,6,16.67%,5.5
https://www.kurosawakoumuten.co.jp/blog/fall-asleep/,1,6,16.67%,8
https://www.kurosawakoumuten.co.jp/topics/okegawa-completion-tour-01/,1,6,16.67%,8
https://www.kurosawakoumuten.co.jp/voice/nodashi-myhouse/,1,6,16.67%,9.5
https://www.kurosawakoumuten.co.jp/blog/ohanami-omiya/,1,5,20%,1.4
https://www.kurosawakoumuten.co.jp/area/koshigaya-shi/,1,5,20%,2.2
https://www.kurosawakoumuten.co.jp/topics/suumo-2022-summer/,1,5,20%,6
https://www.kurosawakoumuten.co.jp/blog/post-0-446/,1,5,20%,6.6
https://www.kurosawakoumuten.co.jp/topics/instagram-live-part9/,1,5,20%,30.4
https://www.kurosawakoumuten.co.jp/topics/saitama-newspaper_240423/,1,5,20%,35.8
https://www.kurosawakoumuten.co.jp/tag/所沢市/,1,5,20%,71.6
https://www.kurosawakoumuten.co.jp/sw-panel/,1,4,25%,4
https://www.kurosawakoumuten.co.jp/blog/joto/,1,4,25%,5
https://www.kurosawakoumuten.co.jp/blog/kashiwazaki-city-niigata-prefecture/,1,4,25%,12.75
https://www.kurosawakoumuten.co.jp/blog/take-a-picture-4/,1,3,33.33%,3.33
https://www.kurosawakoumuten.co.jp/tag/アパート/,1,3,33.33%,3.33
https://www.kurosawakoumuten.co.jp/tag/24時間換気/,1,3,33.33%,3.67
https://www.kurosawakoumuten.co.jp/blog/post-0-23/,1,3,33.33%,12
https://www.kurosawakoumuten.co.jp/gallery/okegawa/,1,3,33.33%,23.67
https://www.kurosawakoumuten.co.jp/tag/シアタールーム/,1,2,50%,1
https://www.kurosawakoumuten.co.jp/tag/バリアフリー設計/,1,2,50%,1.5
https://www.kurosawakoumuten.co.jp/blog/lineopenhouse/,1,2,50%,2
https://www.kurosawakoumuten.co.jp/blog/post-12342/,1,2,50%,2
https://www.kurosawakoumuten.co.jp/tag/ua値/,1,2,50%,4.5
https://www.kurosawakoumuten.co.jp/blog/instagram-2/,1,2,50%,7
https://www.kurosawakoumuten.co.jp/blog/post-0-598/,1,2,50%,8.5
https://www.kurosawakoumuten.co.jp/tag/間取り/,1,2,50%,8.5
https://www.kurosawakoumuten.co.jp/blog/post-0-539/,1,2,50%,10
https://www.kurosawakoumuten.co.jp/blog/post-0-406/,1,2,50%,14.5
https://www.kurosawakoumuten.co.jp/blog/geihinkan_akasaka/,1,2,50%,15.5
https://www.kurosawakoumuten.co.jp/blog/coming-of-age-ceremony/,1,2,50%,35
https://www.kurosawakoumuten.co.jp/topics/saitamainstagram/,1,2,50%,44.5
https://www.kurosawakoumuten.co.jp/blog/post-0-663/,1,1,100%,1
https://www.kurosawakoumuten.co.jp/tag/木造住宅/,1,1,100%,1
https://www.kurosawakoumuten.co.jp/blog/delicious-informaition6/,1,1,100%,4
https://www.kurosawakoumuten.co.jp/blog/hiraya/,1,1,100%,4
https://www.kurosawakoumuten.co.jp/blog/instagram-live-miraizu/,1,1,100%,4
https://www.kurosawakoumuten.co.jp/blog/post-0-64/,1,1,100%,6
https://www.kurosawakoumuten.co.jp/blog/post-0-367/,1,1,100%,9
https://www.kurosawakoumuten.co.jp/tag/高性能住宅/,1,1,100%,20
https://www.kurosawakoumuten.co.jp/blog/post-0-689/,1,1,100%,30
https://www.kurosawakoumuten.co.jp/tag/東浦和/,1,1,100%,42
https://www.kurosawakoumuten.co.jp/tag/仙石原すすき草原/,1,1,100%,63
https://www.kurosawakoumuten.co.jp/area/kiyose-shi/,0,339,0%,11.23
https://www.kurosawakoumuten.co.jp/voice/hasuda_o/,0,319,0%,21.68
https://www.kurosawakoumuten.co.jp/note/ti-kitokusei/#i-2,0,283,0%,7.15
https://www.kurosawakoumuten.co.jp/note/ti-kitokusei/#i-7,0,278,0%,7.16
https://www.kurosawakoumuten.co.jp/area/saitama-shi_midori-ku/,0,276,0%,27.03
https://www.kurosawakoumuten.co.jp/area/tsurugashima-shi/,0,275,0%,25.8
https://www.kurosawakoumuten.co.jp/note/kosodate-eco-home/,0,246,0%,16.15
https://www.kurosawakoumuten.co.jp/area/saitama-shi_kita-ku/,0,239,0%,18.97
https://www.kurosawakoumuten.co.jp/note/myhome-success/#Step,0,227,0%,3.05
https://www.kurosawakoumuten.co.jp/note/myhome-success/#Step-3,0,227,0%,3.05
https://www.kurosawakoumuten.co.jp/note/myhome-success/#Step2,0,227,0%,3.05
https://www.kurosawakoumuten.co.jp/note/ti-kitokusei/#i-3,0,227,0%,7.62
https://www.kurosawakoumuten.co.jp/blog/10295-2/,0,226,0%,20.86
https://www.kurosawakoumuten.co.jp/voice/kasukabeshinnchiku/,0,195,0%,31.07
https://www.kurosawakoumuten.co.jp/note/yukadanbou/#2,0,175,0%,7.15
https://www.kurosawakoumuten.co.jp/note/yukadanbou/#i-2,0,175,0%,7.15
https://www.kurosawakoumuten.co.jp/note/yukadanbou/#i-5,0,175,0%,7.15
https://www.kurosawakoumuten.co.jp/note/yukadanbou/#i-9,0,175,0%,7.15
https://www.kurosawakoumuten.co.jp/reserve/,0,173,0%,21.49
https://www.kurosawakoumuten.co.jp/flow/,0,171,0%,5.43
https://www.kurosawakoumuten.co.jp/note/myhome-success/#Step-2,0,154,0%,3.01
https://www.kurosawakoumuten.co.jp/area/higashimurayama-shi/,0,154,0%,20.95
https://www.kurosawakoumuten.co.jp/area/saitama-shi_chuo-ku/,0,152,0%,19.26
https://www.kurosawakoumuten.co.jp/area/hidaka-shi/,0,149,0%,17.66
https://www.kurosawakoumuten.co.jp/topics/koshigayashi-openhouse/,0,149,0%,43.23
https://www.kurosawakoumuten.co.jp/note/ti-kitokusei/#i,0,135,0%,6.48
https://www.kurosawakoumuten.co.jp/topics/iedukurigakkou-saitama/,0,135,0%,29.67
https://www.kurosawakoumuten.co.jp/blog/post-12075/,0,123,0%,9.92
https://www.kurosawakoumuten.co.jp/note/tyu-monju-taku/,0,123,0%,19.46
https://www.kurosawakoumuten.co.jp/note/dontfail-land-search/,0,103,0%,26.41
https://www.kurosawakoumuten.co.jp/blog/saitamakurosawamodel/,0,96,0%,48.38
https://www.kurosawakoumuten.co.jp/note/taishin-tokyu-3/#3,0,87,0%,4.09
https://www.kurosawakoumuten.co.jp/note/taishin-tokyu-3/#3-3,0,87,0%,4.09
https://www.kurosawakoumuten.co.jp/note/taishin-tokyu-3/#3-4,0,87,0%,4.09
https://www.kurosawakoumuten.co.jp/topics/suumo-2024-autumn/,0,86,0%,20.28
https://www.kurosawakoumuten.co.jp/note/taishin-tokyu-3/#i-4,0,85,0%,4.15
https://www.kurosawakoumuten.co.jp/note/hiraya-jutaku-point/#i,0,83,0%,7.46
https://www.kurosawakoumuten.co.jp/note/hiraya-jutaku-point/#i-2,0,83,0%,7.46
https://www.kurosawakoumuten.co.jp/note/hiraya-jutaku-point/#i-4,0,83,0%,7.46
https://www.kurosawakoumuten.co.jp/blog/cinderella-fit/,0,74,0%,7.15
https://www.kurosawakoumuten.co.jp/blog/post-0-197/,0,74,0%,13.72
https://www.kurosawakoumuten.co.jp/topics/ageo-open-house-9/,0,63,0%,39.03
https://www.kurosawakoumuten.co.jp/topics/cool-biz-2025/,0,61,0%,9.08
https://www.kurosawakoumuten.co.jp/note/kosodate-eco-home-2024-reform/#i-6,0,60,0%,8.2
https://www.kurosawakoumuten.co.jp/note/kosodate-eco-home-2024-reform/#i-7,0,60,0%,8.2
https://www.kurosawakoumuten.co.jp/note/kosodate-eco-home-2024-reform/#i-4,0,58,0%,8.29
https://www.kurosawakoumuten.co.jp/topics/kukishi-openhouse3/,0,57,0%,33.56
https://www.kurosawakoumuten.co.jp/note/kosodate-eco-home-2024-reform/#i-2,0,55,0%,8.27
https://www.kurosawakoumuten.co.jp/topics/saitamashi-event-2025/,0,54,0%,8.94
https://www.kurosawakoumuten.co.jp/sitemap/,0,54,0%,39.15
https://www.kurosawakoumuten.co.jp/topics/post-0-212/,0,54,0%,88.89
https://www.kurosawakoumuten.co.jp/voice/okegawa_i/,0,50,0%,35.2
https://www.kurosawakoumuten.co.jp/blog/post-0-148/,0,50,0%,37.26
https://www.kurosawakoumuten.co.jp/topics/commercial-shooting/,0,49,0%,15.55
https://www.kurosawakoumuten.co.jp/topics/suumo-2025-summer/,0,48,0%,15.92
https://www.kurosawakoumuten.co.jp/topics/post-0-363/,0,48,0%,31.4
https://www.kurosawakoumuten.co.jp/note/taishin-tokyu-3/#i-5,0,47,0%,3.79
https://www.kurosawakoumuten.co.jp/note/tyumonjutaku-madori/,0,46,0%,6.17
https://www.kurosawakoumuten.co.jp/note/taishin-tokyu-3/#i,0,45,0%,3.89
https://www.kurosawakoumuten.co.jp/voice/hasudashinchiku/,0,44,0%,36.52
https://www.kurosawakoumuten.co.jp/topics/post-0-150/,0,44,0%,41.36
https://www.kurosawakoumuten.co.jp/note/high-insulation-house/#i,0,43,0%,2.67
https://www.kurosawakoumuten.co.jp/note/high-insulation-house/#i-2,0,43,0%,2.67
https://www.kurosawakoumuten.co.jp/note/high-insulation-house/#i-4,0,43,0%,2.67
https://www.kurosawakoumuten.co.jp/blog/post-0-781/,0,43,0%,38.19
https://www.kurosawakoumuten.co.jp/topics/kawagutishi-open-house/,0,43,0%,51.93
https://www.kurosawakoumuten.co.jp/topics/instagram-live-part9/attachment/attachment-0-37/,0,42,0%,11.79
https://www.kurosawakoumuten.co.jp/note/high-insulation-house/#i-3,0,41,0%,2.49
https://www.kurosawakoumuten.co.jp/note/heatshock/#i,0,41,0%,4.39
https://www.kurosawakoumuten.co.jp/note/heatshock/#i-10,0,41,0%,4.39
https://www.kurosawakoumuten.co.jp/note/heatshock/#i-3,0,41,0%,4.39
https://www.kurosawakoumuten.co.jp/note/heatshock/#i-5,0,41,0%,4.39
https://www.kurosawakoumuten.co.jp/note/reformkurosawa/#i-2,0,41,0%,7.22
https://www.kurosawakoumuten.co.jp/topics/open-house-saitamashi-2024_05/,0,41,0%,11.76
https://www.kurosawakoumuten.co.jp/note/reformkurosawa/#i-3,0,40,0%,7.15
https://www.kurosawakoumuten.co.jp/blog/omiya_kita-4/,0,40,0%,8.45
https://www.kurosawakoumuten.co.jp/topics/post-0-42/,0,39,0%,8.74
https://www.kurosawakoumuten.co.jp/topics/saitama_suumo-2023-autumn/,0,39,0%,26.18
https://www.kurosawakoumuten.co.jp/blog/nikon-14/,0,37,0%,5.57
https://www.kurosawakoumuten.co.jp/note/reformkurosawa/#i,0,37,0%,7.22
https://www.kurosawakoumuten.co.jp/topics/kasukabe-openhouse-11/,0,37,0%,78.08
https://www.kurosawakoumuten.co.jp/note/high-insulation-house/#Ua,0,36,0%,2.89
https://www.kurosawakoumuten.co.jp/note/high-insulation-house/#Q,0,34,0%,2.68
https://www.kurosawakoumuten.co.jp/note/reformkurosawa/#i-7,0,34,0%,7.71
https://www.kurosawakoumuten.co.jp/topics/open-house_okegawashi_2025-04/,0,34,0%,18.18
https://www.kurosawakoumuten.co.jp/blog/onsen/,0,34,0%,40.59
https://www.kurosawakoumuten.co.jp/note/what-is-the-best-way-to-find-land/#i,0,33,0%,7.82
https://www.kurosawakoumuten.co.jp/note/what-is-the-best-way-to-find-land/#i-4,0,33,0%,7.82
https://www.kurosawakoumuten.co.jp/area/iruma-gun-miyoshi-machi/,0,33,0%,15.67
https://www.kurosawakoumuten.co.jp/voice/miyasiromati_k/,0,33,0%,19.15
https://www.kurosawakoumuten.co.jp/note/hiraya-jutaku-point/#1,0,32,0%,8.06
https://www.kurosawakoumuten.co.jp/note/hiraya-jutaku-point/#2,0,32,0%,8.06
https://www.kurosawakoumuten.co.jp/note/hiraya-jutaku-point/#3,0,32,0%,8.06
https://www.kurosawakoumuten.co.jp/note/hiraya-jutaku-point/#3-2,0,32,0%,8.06
https://www.kurosawakoumuten.co.jp/note/reformkurosawa/#i-10,0,31,0%,7.84
https://www.kurosawakoumuten.co.jp/note/reformkurosawa/#i-8,0,30,0%,7.77
https://www.kurosawakoumuten.co.jp/note/reformkurosawa/#i-9,0,30,0%,7.77
https://www.kurosawakoumuten.co.jp/gallery_reform/saitama-ns/,0,30,0%,14.5
https://www.kurosawakoumuten.co.jp/topics/okegawa_open-house/,0,30,0%,32.53
https://www.kurosawakoumuten.co.jp/blog/ice-pino/,0,30,0%,33.77
https://www.kurosawakoumuten.co.jp/topics/open-house_saitamashi_2025/,0,29,0%,8.14
https://www.kurosawakoumuten.co.jp/note/what-is-the-best-way-to-find-land/#i-7,0,28,0%,8.32
https://www.kurosawakoumuten.co.jp/topics/post-11911/,0,27,0%,9.59
https://www.kurosawakoumuten.co.jp/voice/saitamashi_minamiku_o-2/,0,27,0%,14.3
https://www.kurosawakoumuten.co.jp/blog/omiya_kita-2/,0,27,0%,17.63
https://www.kurosawakoumuten.co.jp/topics/saitama-tyumonjutaku-2022-winter/,0,25,0%,4.6
https://www.kurosawakoumuten.co.jp/gallery/gallery-17070/,0,24,0%,17.29
https://www.kurosawakoumuten.co.jp/note/kosodate-eco-home/#i,0,23,0%,7.43
https://www.kurosawakoumuten.co.jp/note/kosodate-eco-home/#i-2,0,23,0%,7.43
https://www.kurosawakoumuten.co.jp/topics/room-tour-youtube-shorts/,0,23,0%,41.61
https://www.kurosawakoumuten.co.jp/note/kosodate-eco-home/#i-3,0,22,0%,7.59
https://www.kurosawakoumuten.co.jp/topics/instagram-live-part19/,0,22,0%,13.23
https://www.kurosawakoumuten.co.jp/blog/purple-sweet-potato/,0,21,0%,7.81
https://www.kurosawakoumuten.co.jp/topics/renovation-modelroom-open/,0,21,0%,12.33
https://www.kurosawakoumuten.co.jp/blog/post-0-371/,0,21,0%,25.71
https://www.kurosawakoumuten.co.jp/topics/post-11329/,0,20,0%,5
https://www.kurosawakoumuten.co.jp/gallery/kazo-t/,0,20,0%,6.35
https://www.kurosawakoumuten.co.jp/topics/field-sign/,0,20,0%,10.2
https://www.kurosawakoumuten.co.jp/topics/building-a-house-school-magazine-vol-11/,0,20,0%,11.65
https://www.kurosawakoumuten.co.jp/voice/miyashiro_n/,0,20,0%,13.45
https://www.kurosawakoumuten.co.jp/gallery_reform/saitama-shi/,0,20,0%,25.8
https://www.kurosawakoumuten.co.jp/topics/2025-new-years-holiday/,0,18,0%,5.11
https://www.kurosawakoumuten.co.jp/blog/kodak-ultramax400/,0,18,0%,8.17
https://www.kurosawakoumuten.co.jp/gallery/saitama-k3/,0,18,0%,9.28
https://www.kurosawakoumuten.co.jp/note/kosodate-eco-home-2024-reform/#i-3,0,18,0%,9.28
https://www.kurosawakoumuten.co.jp/blog/kodak/,0,18,0%,9.94
https://www.kurosawakoumuten.co.jp/note/kurosawakoumuten/#SNS,0,17,0%,6.53
https://www.kurosawakoumuten.co.jp/note/kurosawakoumuten/#i,0,17,0%,6.53
https://www.kurosawakoumuten.co.jp/note/kurosawakoumuten/#i-2,0,17,0%,6.53
https://www.kurosawakoumuten.co.jp/note/kurosawakoumuten/#i-5,0,17,0%,6.53
https://www.kurosawakoumuten.co.jp/blog/highly-airtight-and-highly-insulated-house/,0,17,0%,7.35
https://www.kurosawakoumuten.co.jp/topics/building-a-house-school-magazine-vol-12/,0,17,0%,7.71
https://www.kurosawakoumuten.co.jp/topics/house-seminar-2025-03/,0,17,0%,14.82
https://www.kurosawakoumuten.co.jp/topics/post-0-280/,0,17,0%,23.71
https://www.kurosawakoumuten.co.jp/blog/post-0-58/,0,17,0%,27.88
https://www.kurosawakoumuten.co.jp/blog/baseball/,0,17,0%,33.65
https://www.kurosawakoumuten.co.jp/blog/post-0-81/,0,16,0%,86.75
https://www.kurosawakoumuten.co.jp/blog/linesemina-modelhouse/,0,15,0%,7
https://www.kurosawakoumuten.co.jp/blog/shinchikusaitamaie/,0,15,0%,9.27
https://www.kurosawakoumuten.co.jp/blog/heatstroke-measures-2/,0,15,0%,11.8
https://www.kurosawakoumuten.co.jp/topics/suumo-2025-spring/,0,15,0%,11.87
https://www.kurosawakoumuten.co.jp/topics/house-seminar/,0,15,0%,12.33
https://www.kurosawakoumuten.co.jp/topics/instagram-live-part16/,0,14,0%,14.07
https://www.kurosawakoumuten.co.jp/gallery/saitama-k2/,0,14,0%,15
https://www.kurosawakoumuten.co.jp/blog/the-cost-of-building-a-house/,0,14,0%,26.29
https://www.kurosawakoumuten.co.jp/blog/vigorous/,0,14,0%,27.79
https://www.kurosawakoumuten.co.jp/blog/post-0-109/,0,14,0%,35.07
https://www.kurosawakoumuten.co.jp/blog/post-0-87/,0,14,0%,62.71
https://www.kurosawakoumuten.co.jp/topics/saitama_suumo-2024-winter/,0,13,0%,5.62
https://www.kurosawakoumuten.co.jp/topics/saitamashi-workshop-2025/,0,13,0%,6.69
https://www.kurosawakoumuten.co.jp/gallery/saitamashi-kitaku/,0,13,0%,7.38
https://www.kurosawakoumuten.co.jp/note/kosodate-eco-home/#i-4,0,13,0%,7.46
https://www.kurosawakoumuten.co.jp/note/kosodate-eco-home/#i-5,0,13,0%,7.46
https://www.kurosawakoumuten.co.jp/blog/kukisi-model-house/,0,13,0%,43.08
https://www.kurosawakoumuten.co.jp/topics/room-tour-youtube/,0,12,0%,6.08
https://www.kurosawakoumuten.co.jp/gallery/kounosushi_2024/,0,12,0%,6.58
https://www.kurosawakoumuten.co.jp/blog/oompa-loompa/,0,12,0%,7.42
https://www.kurosawakoumuten.co.jp/note/kosodate-eco-home/#i-6,0,12,0%,7.75
https://www.kurosawakoumuten.co.jp/topics/summer-holiday-2025/,0,12,0%,8.5
https://www.kurosawakoumuten.co.jp/note/kosodate-eco-home-2024-reform/#i-5,0,12,0%,10.42
https://www.kurosawakoumuten.co.jp/topics/open-house-kengakukai/,0,12,0%,16.17
https://www.kurosawakoumuten.co.jp/voice/kogashishinchiku/,0,12,0%,23.83
https://www.kurosawakoumuten.co.jp/note/nisetaikurosawa/,0,12,0%,29.42
https://www.kurosawakoumuten.co.jp/topics/house-seminar-2025-07/,0,12,0%,50.83
https://www.kurosawakoumuten.co.jp/blog/team-japan/,0,12,0%,66.17
https://www.kurosawakoumuten.co.jp/note/kurosawakoumuten/#i-3,0,11,0%,6.55
https://www.kurosawakoumuten.co.jp/note/kurosawakoumuten/#i-4,0,11,0%,6.55
https://www.kurosawakoumuten.co.jp/blog/kurosawasaitama/,0,11,0%,7.64
https://www.kurosawakoumuten.co.jp/blog/9802-2/,0,11,0%,8.64
https://www.kurosawakoumuten.co.jp/blog/post-0-716/,0,11,0%,10.91
https://www.kurosawakoumuten.co.jp/topics/ie_tiktok-the-room-tour/,0,11,0%,11.64
https://www.kurosawakoumuten.co.jp/gallery/kawagoe-u/,0,11,0%,13.45
https://www.kurosawakoumuten.co.jp/design_water/,0,11,0%,26.45
https://www.kurosawakoumuten.co.jp/blog/sense-of-unity/,0,11,0%,46.64
https://www.kurosawakoumuten.co.jp/topics/diy/,0,11,0%,50.91
https://www.kurosawakoumuten.co.jp/blog/renovate-a-house/,0,11,0%,89.73
https://www.kurosawakoumuten.co.jp/note/kentikugaisyanoerabikata/#i,0,10,0%,2.5
https://www.kurosawakoumuten.co.jp/note/kentikugaisyanoerabikata/#i-8,0,10,0%,2.5
https://www.kurosawakoumuten.co.jp/topics/saitamainstagram/attachment/attachment-0-7/,0,10,0%,3.9
https://www.kurosawakoumuten.co.jp/blog/post-11921/,0,10,0%,4.9
https://www.kurosawakoumuten.co.jp/blog/post-0-261/,0,10,0%,8.5
https://www.kurosawakoumuten.co.jp/blog/hot-spring/,0,10,0%,8.7
https://www.kurosawakoumuten.co.jp/gallery/saitamashi/,0,10,0%,9.2
https://www.kurosawakoumuten.co.jp/gallery/saitama-omiya/,0,10,0%,12.1
https://www.kurosawakoumuten.co.jp/blog/storage-2/,0,10,0%,13.3
https://www.kurosawakoumuten.co.jp/tag/施工事例/,0,10,0%,18.9
https://www.kurosawakoumuten.co.jp/topics/post-0-297/,0,10,0%,28.7
https://www.kurosawakoumuten.co.jp/topics/post-11329/attachment/attachment-0-2/,0,10,0%,39.3
https://www.kurosawakoumuten.co.jp/blog/post-0-586/,0,10,0%,48.9
https://www.kurosawakoumuten.co.jp/blog/saitamaline/,0,10,0%,54.9
https://www.kurosawakoumuten.co.jp/blog/feature-tv-stand/,0,9,0%,4.22
https://www.kurosawakoumuten.co.jp/tag/モデルハウス見学/,0,9,0%,5.33
https://www.kurosawakoumuten.co.jp/blog/post-0-409/,0,9,0%,6.78
https://www.kurosawakoumuten.co.jp/blog/ie-semina/,0,9,0%,8.89
https://www.kurosawakoumuten.co.jp/topics/post-12209/,0,9,0%,10.22
https://www.kurosawakoumuten.co.jp/topics/kukiibentoopenhouse/,0,9,0%,10.56
https://www.kurosawakoumuten.co.jp/blog/nikon-8/,0,9,0%,10.89
https://www.kurosawakoumuten.co.jp/gallery/saitama-custom-home/attachment/_sw_2693/,0,9,0%,26.89
https://www.kurosawakoumuten.co.jp/note/kentikugaisyanoerabikata/#i-6,0,8,0%,1.38
https://www.kurosawakoumuten.co.jp/blog/post-11986/,0,8,0%,2.12
https://www.kurosawakoumuten.co.jp/note/kentikugaisyanoerabikata/#i-3,0,8,0%,2.62
https://www.kurosawakoumuten.co.jp/tag/賃貸/,0,8,0%,4.88
https://www.kurosawakoumuten.co.jp/blog/post-0-305/,0,8,0%,5.5
https://www.kurosawakoumuten.co.jp/topics/suumo-2023-winter/,0,8,0%,5.75
https://www.kurosawakoumuten.co.jp/topics/kurosawa-spring-festival_2024/,0,8,0%,6
https://www.kurosawakoumuten.co.jp/topics/house-seminar-2025-09/,0,8,0%,6.12
https://www.kurosawakoumuten.co.jp/note/zeh/#ZEH,0,8,0%,7.5
https://www.kurosawakoumuten.co.jp/note/zeh/#ZEH-2,0,8,0%,7.5
https://www.kurosawakoumuten.co.jp/note/zeh/#i,0,8,0%,7.5
https://www.kurosawakoumuten.co.jp/note/zeh/#i-2,0,8,0%,7.5
https://www.kurosawakoumuten.co.jp/blog/post-11358/,0,8,0%,10.62
https://www.kurosawakoumuten.co.jp/topics/post-0-530/,0,8,0%,20.88
https://www.kurosawakoumuten.co.jp/blog/post-0-365/,0,8,0%,37
https://www.kurosawakoumuten.co.jp/blog/resort/,0,8,0%,47.38
https://www.kurosawakoumuten.co.jp/blog/post-0-669/,0,7,0%,4.71
https://www.kurosawakoumuten.co.jp/gallery/saitama-i/,0,7,0%,4.71
https://www.kurosawakoumuten.co.jp/blog/yokohama/,0,7,0%,5.43
https://www.kurosawakoumuten.co.jp/blog/blog-debut/,0,7,0%,5.71
https://www.kurosawakoumuten.co.jp/blog/saitamashinnchiku-3/attachment/attachment-0-23/,0,7,0%,7
https://www.kurosawakoumuten.co.jp/blog/camera-8/,0,7,0%,7.29
https://www.kurosawakoumuten.co.jp/topics/building-a-house-school-magazine-vol-13/,0,7,0%,7.43
https://www.kurosawakoumuten.co.jp/blog/post-0-664/,0,7,0%,7.57
https://www.kurosawakoumuten.co.jp/blog/kannazuki-2025/,0,7,0%,7.71
https://www.kurosawakoumuten.co.jp/reason/#1,0,7,0%,8
https://www.kurosawakoumuten.co.jp/reason/#2,0,7,0%,8
https://www.kurosawakoumuten.co.jp/topics/instagram-live-part11/,0,7,0%,8.86
https://www.kurosawakoumuten.co.jp/topics/post-0-245/,0,7,0%,9.43
https://www.kurosawakoumuten.co.jp/topics/jr_urawa_signboard/,0,7,0%,12
https://www.kurosawakoumuten.co.jp/blog/post-0-514/,0,7,0%,13.14
https://www.kurosawakoumuten.co.jp/blog/incense/,0,7,0%,19.57
https://www.kurosawakoumuten.co.jp/topics/open-house-kenngakukai-2/,0,7,0%,29.43
https://www.kurosawakoumuten.co.jp/blog/high-school-reunion/,0,7,0%,34.14
https://www.kurosawakoumuten.co.jp/tag/志木市/,0,7,0%,46.57
https://www.kurosawakoumuten.co.jp/note/kentikugaisyanoerabikata/#i-2,0,6,0%,1.17
https://www.kurosawakoumuten.co.jp/blog/camera-takao/,0,6,0%,4.67
https://www.kurosawakoumuten.co.jp/gallery/noda-y/attachment/nodasi-y-14/,0,6,0%,4.83
https://www.kurosawakoumuten.co.jp/blog/building-knowledge/,0,6,0%,5.33
https://www.kurosawakoumuten.co.jp/topics/kurosawa_spring_festival/,0,6,0%,5.67
https://www.kurosawakoumuten.co.jp/gallery_reform/saitama-nk/,0,6,0%,6.67
https://www.kurosawakoumuten.co.jp/topics/house-seminar-2025-10/attachment/attachment-0/,0,6,0%,6.67
https://www.kurosawakoumuten.co.jp/blog/post-0-247/,0,6,0%,6.83
https://www.kurosawakoumuten.co.jp/voice/ageo-shinnchiku/,0,6,0%,7
https://www.kurosawakoumuten.co.jp/blog/post-0-57/,0,6,0%,7.33
https://www.kurosawakoumuten.co.jp/blog/sns-2/,0,6,0%,8.17
https://www.kurosawakoumuten.co.jp/voice/saitamashinchiku-2/,0,6,0%,8.17
https://www.kurosawakoumuten.co.jp/topics/instagram-live-part15/,0,6,0%,9
https://www.kurosawakoumuten.co.jp/blog/camera-5/,0,6,0%,9.17
https://www.kurosawakoumuten.co.jp/blog/post-0-614/,0,6,0%,9.67
https://www.kurosawakoumuten.co.jp/topics/musashiurawa-signboard/,0,6,0%,11.83
https://www.kurosawakoumuten.co.jp/blog/delicious-informaition3/,0,6,0%,13.17
https://www.kurosawakoumuten.co.jp/blog/kurosawashinchiku/,0,6,0%,14.17
https://www.kurosawakoumuten.co.jp/topics/roomtour-instagram-03/,0,6,0%,16.83
https://www.kurosawakoumuten.co.jp/tag/土地利用/,0,6,0%,31.33
https://www.kurosawakoumuten.co.jp/tag/木の家/,0,6,0%,42.5
https://www.kurosawakoumuten.co.jp/blog/i-want-to-live-in-a-house-like-this/,0,6,0%,44.5
https://www.kurosawakoumuten.co.jp/blog/sunny/,0,5,0%,3.6
https://www.kurosawakoumuten.co.jp/main_03_sp/,0,5,0%,6.8
https://www.kurosawakoumuten.co.jp/tag/外観/,0,5,0%,7
https://www.kurosawakoumuten.co.jp/blog/rabbit-year/,0,5,0%,7.6
https://www.kurosawakoumuten.co.jp/topics/suumo-2024-spring/,0,5,0%,8.8
https://www.kurosawakoumuten.co.jp/blog/shinchikuiesaitama/,0,5,0%,10
https://www.kurosawakoumuten.co.jp/blog/kawagoe-festival-2025/,0,5,0%,11.6
https://www.kurosawakoumuten.co.jp/topics/family-trus-2025-05/,0,5,0%,13.8
https://www.kurosawakoumuten.co.jp/blog/sacred-place/,0,5,0%,21.6
https://www.kurosawakoumuten.co.jp/22886844-1/,0,5,0%,22
https://www.kurosawakoumuten.co.jp/topics/suumo-2022-autumn/,0,5,0%,23.4
https://www.kurosawakoumuten.co.jp/sdgs/,0,5,0%,39.8
https://www.kurosawakoumuten.co.jp/topics/saitama-newspaper_250423/,0,5,0%,40.4
https://www.kurosawakoumuten.co.jp/voice/saitamashi_o/,0,5,0%,48.6
https://www.kurosawakoumuten.co.jp/voice/higashiurawa-2_f/,0,5,0%,48.8
https://www.kurosawakoumuten.co.jp/blog/every-day-feels-like-living-at-a-resort/,0,5,0%,50
https://www.kurosawakoumuten.co.jp/topics/homemadeseminer/,0,5,0%,50.4
https://www.kurosawakoumuten.co.jp/note/note-13742/#i,0,4,0%,2
https://www.kurosawakoumuten.co.jp/note/note-13742/#i-2,0,4,0%,2
https://www.kurosawakoumuten.co.jp/note/note-13742/#i-3,0,4,0%,2
https://www.kurosawakoumuten.co.jp/blog/post-19228/,0,4,0%,2.75
https://www.kurosawakoumuten.co.jp/tag/キッチン/,0,4,0%,3
https://www.kurosawakoumuten.co.jp/blog/exterior/,0,4,0%,3.25
https://www.kurosawakoumuten.co.jp/tag/suumo/,0,4,0%,3.5
https://www.kurosawakoumuten.co.jp/tag/武蔵浦和駅/,0,4,0%,3.75
https://www.kurosawakoumuten.co.jp/blog/image/,0,4,0%,4
https://www.kurosawakoumuten.co.jp/tag/オリジナルキッチン/,0,4,0%,4.5
https://www.kurosawakoumuten.co.jp/blog/house-with-roof/,0,4,0%,4.75
https://www.kurosawakoumuten.co.jp/blog/nweihplineopenhouslineinstagrammodelhouse/,0,4,0%,4.75
https://www.kurosawakoumuten.co.jp/topics/terrace_barbecue_2023-07/,0,4,0%,5
https://www.kurosawakoumuten.co.jp/topics/house-seminar_02/,0,4,0%,6
https://www.kurosawakoumuten.co.jp/topics/ageoshi-completion-tour-2/,0,4,0%,6.5
https://www.kurosawakoumuten.co.jp/blog/post-19332/,0,4,0%,6.75
https://www.kurosawakoumuten.co.jp/topics/golden-weak-holiday-2024/,0,4,0%,6.75
https://www.kurosawakoumuten.co.jp/tag/ホテルライク/,0,4,0%,7.25
https://www.kurosawakoumuten.co.jp/blog/saitamakurosawashinchiku-2/,0,4,0%,7.5
https://www.kurosawakoumuten.co.jp/blog/the-super-mario-bros-movie/,0,4,0%,7.75
https://www.kurosawakoumuten.co.jp/voice/saitamashi_minamiku_s/,0,4,0%,8.5
https://www.kurosawakoumuten.co.jp/topics/minami-urawa_signboard/,0,4,0%,9
https://www.kurosawakoumuten.co.jp/topics/saitama-tyumonjutaku-2021-autumn/,0,4,0%,9.5
https://www.kurosawakoumuten.co.jp/blog/instagramkurosawakoumuten/,0,4,0%,10
https://www.kurosawakoumuten.co.jp/blog/supreme-chicken/,0,4,0%,10.25
https://www.kurosawakoumuten.co.jp/topics/post-0-283/,0,4,0%,10.5
https://www.kurosawakoumuten.co.jp/blog/saitamaie-2/,0,4,0%,12.75
https://www.kurosawakoumuten.co.jp/gallery/saitama-omiya/attachment/_sw_8645/,0,4,0%,15
https://www.kurosawakoumuten.co.jp/topics/house-seminar-04/,0,4,0%,16.25
https://www.kurosawakoumuten.co.jp/blog/snow/,0,4,0%,17.25
https://www.kurosawakoumuten.co.jp/blog/springfestival_2024/,0,4,0%,21.25
https://www.kurosawakoumuten.co.jp/voice/saitama_o/,0,4,0%,45
https://www.kurosawakoumuten.co.jp/blog/post-0-211/,0,4,0%,84.5
https://www.kurosawakoumuten.co.jp/blog/live/,0,4,0%,85
https://www.kurosawakoumuten.co.jp/tag/建築/,0,3,0%,1
https://www.kurosawakoumuten.co.jp/blog/bonsai/,0,3,0%,1.67
https://www.kurosawakoumuten.co.jp/note/note-13742/#i-11,0,3,0%,2
https://www.kurosawakoumuten.co.jp/note/note-13742/#i-7,0,3,0%,2
https://www.kurosawakoumuten.co.jp/blog/post-0-134/,0,3,0%,2.67
https://www.kurosawakoumuten.co.jp/blog/onsen-2/,0,3,0%,3
https://www.kurosawakoumuten.co.jp/topics/instagram-live-part8/,0,3,0%,4.33
https://www.kurosawakoumuten.co.jp/gallery/saitama-omiya/attachment/_sw_8613/,0,3,0%,4.67
https://www.kurosawakoumuten.co.jp/blog/joutousiki/,0,3,0%,5
https://www.kurosawakoumuten.co.jp/topics/open-house_saitamashi_2024-02/,0,3,0%,5.67
https://www.kurosawakoumuten.co.jp/blog/post-0-458/,0,3,0%,6
https://www.kurosawakoumuten.co.jp/blog/take-a-picture-4/attachment/s__89284614/,0,3,0%,6
https://www.kurosawakoumuten.co.jp/tag/断熱/,0,3,0%,6
https://www.kurosawakoumuten.co.jp/voice/ageo_s/,0,3,0%,6
https://www.kurosawakoumuten.co.jp/blog/fitting/,0,3,0%,6.33
https://www.kurosawakoumuten.co.jp/tag/イベント/,0,3,0%,6.33
https://www.kurosawakoumuten.co.jp/topics/post-0-388/,0,3,0%,6.67
https://www.kurosawakoumuten.co.jp/blog/post-0-509/,0,3,0%,7
https://www.kurosawakoumuten.co.jp/tag/賃貸アパート/,0,3,0%,7
https://www.kurosawakoumuten.co.jp/blog/post-0-677/,0,3,0%,7.33
https://www.kurosawakoumuten.co.jp/topics/okegawa-completion-tour-02/,0,3,0%,7.33
https://www.kurosawakoumuten.co.jp/topics/house-seminar-2025-04/,0,3,0%,7.67
https://www.kurosawakoumuten.co.jp/blog/post-0-102/,0,3,0%,8
https://www.kurosawakoumuten.co.jp/gallery/saitamauddodekki/,0,3,0%,8
https://www.kurosawakoumuten.co.jp/voice/ageo_k/,0,3,0%,8
https://www.kurosawakoumuten.co.jp/blog/jumbo-lemon/,0,3,0%,8.67
https://www.kurosawakoumuten.co.jp/blog/motimotipotato/,0,3,0%,8.67
https://www.kurosawakoumuten.co.jp/blog/post-0-660/,0,3,0%,8.67
https://www.kurosawakoumuten.co.jp/blog/watch-fireworks-from-home/,0,3,0%,8.67
https://www.kurosawakoumuten.co.jp/blog/omiya_kita-3/,0,3,0%,9
https://www.kurosawakoumuten.co.jp/blog/post-0-239/,0,3,0%,9
https://www.kurosawakoumuten.co.jp/gallery/kasukabe-2024/,0,3,0%,9
https://www.kurosawakoumuten.co.jp/tag/おしゃれキッチン/,0,3,0%,9
https://www.kurosawakoumuten.co.jp/blog/post-0-104/,0,3,0%,9.33
https://www.kurosawakoumuten.co.jp/topics/post-0-295/,0,3,0%,9.33
https://www.kurosawakoumuten.co.jp/voice/kounosu_f/,0,3,0%,9.33
https://www.kurosawakoumuten.co.jp/blog/camera-31/,0,3,0%,9.67
https://www.kurosawakoumuten.co.jp/blog/green/,0,3,0%,9.67
https://www.kurosawakoumuten.co.jp/blog/post-0-60/,0,3,0%,9.67
https://www.kurosawakoumuten.co.jp/gallery/hasuda-i/,0,3,0%,10
https://www.kurosawakoumuten.co.jp/topics/suumozasshihatubai/,0,3,0%,10.67
https://www.kurosawakoumuten.co.jp/blog/shinchikusaitama-14/,0,3,0%,11
https://www.kurosawakoumuten.co.jp/blog/infolineopenhouse/,0,3,0%,11.67
https://www.kurosawakoumuten.co.jp/blog/calendar/,0,3,0%,12.67
https://www.kurosawakoumuten.co.jp/blog/post-0-51/,0,3,0%,14
https://www.kurosawakoumuten.co.jp/blog/post-0-91/,0,3,0%,14
https://www.kurosawakoumuten.co.jp/gallery/shiraoka-k/,0,3,0%,15
https://www.kurosawakoumuten.co.jp/new_wp/wp-content/uploads/2023/01/e537e3659a7936826811ceee21e10203.pdf,0,3,0%,18
https://www.kurosawakoumuten.co.jp/blog/camera-71/,0,3,0%,20.33
https://www.kurosawakoumuten.co.jp/blog/camera-43/,0,3,0%,30
https://www.kurosawakoumuten.co.jp/topics/house-seminar-2025-11/,0,3,0%,34.67
https://www.kurosawakoumuten.co.jp/topics/post-0-601/,0,3,0%,36.33
https://www.kurosawakoumuten.co.jp/topics/post-0-602/,0,3,0%,36.33
https://www.kurosawakoumuten.co.jp/blog/post-0-56/,0,3,0%,38
https://www.kurosawakoumuten.co.jp/gallery/okegawa/attachment/_sw_1177/,0,3,0%,49
https://www.kurosawakoumuten.co.jp/blog/urban-landscape-day/,0,3,0%,55
https://www.kurosawakoumuten.co.jp/blog/festival-2/,0,3,0%,64.67
https://www.kurosawakoumuten.co.jp/blog/monstera/,0,2,0%,1
https://www.kurosawakoumuten.co.jp/blog/post-0-61/,0,2,0%,1
https://www.kurosawakoumuten.co.jp/blog/camera-33/,0,2,0%,2
https://www.kurosawakoumuten.co.jp/gallery_reform/saitamashi-urawa-renovation/,0,2,0%,2
https://www.kurosawakoumuten.co.jp/tag/千葉県/,0,2,0%,2
https://www.kurosawakoumuten.co.jp/tag/松戸市/,0,2,0%,2
https://www.kurosawakoumuten.co.jp/tag/職人/,0,2,0%,2
https://www.kurosawakoumuten.co.jp/blog/post-0-202/,0,2,0%,2.5
https://www.kurosawakoumuten.co.jp/gallery/saitamashinnchiku/,0,2,0%,2.5
https://www.kurosawakoumuten.co.jp/blog/kaigairyokou-kibun/,0,2,0%,3
https://www.kurosawakoumuten.co.jp/blog/lixil/,0,2,0%,3
https://www.kurosawakoumuten.co.jp/blog/saitamamodelhouse-3/attachment/_sw_0629-2/,0,2,0%,3
https://www.kurosawakoumuten.co.jp/tag/葛飾区/,0,2,0%,3
https://www.kurosawakoumuten.co.jp/blog/camera-28/,0,2,0%,3.5
https://www.kurosawakoumuten.co.jp/tag/設計/,0,2,0%,3.5
https://www.kurosawakoumuten.co.jp/blog/kingdom/,0,2,0%,4
https://www.kurosawakoumuten.co.jp/blog/laundry/,0,2,0%,4.5
https://www.kurosawakoumuten.co.jp/blog/pet/,0,2,0%,4.5
https://www.kurosawakoumuten.co.jp/tag/川越/,0,2,0%,4.5
https://www.kurosawakoumuten.co.jp/tag/癒し/,0,2,0%,4.5
https://www.kurosawakoumuten.co.jp/topics/youtube-collabo-2025/,0,2,0%,4.5
https://www.kurosawakoumuten.co.jp/blog/nikon-12/,0,2,0%,5
https://www.kurosawakoumuten.co.jp/blog/post-0-210/,0,2,0%,5
https://www.kurosawakoumuten.co.jp/blog/saitamakurosawa-8/,0,2,0%,5
https://www.kurosawakoumuten.co.jp/blog/sports-day-2/,0,2,0%,5
https://www.kurosawakoumuten.co.jp/blog/ume_bonsai/,0,2,0%,5
https://www.kurosawakoumuten.co.jp/gallery/saitamamokuzou/,0,2,0%,5
https://www.kurosawakoumuten.co.jp/tag/意匠壁/,0,2,0%,5
https://www.kurosawakoumuten.co.jp/tag/隈研吾/,0,2,0%,5
https://www.kurosawakoumuten.co.jp/blog/heartwarming-movie/,0,2,0%,5.5
https://www.kurosawakoumuten.co.jp/blog/kimuchi/,0,2,0%,5.5
https://www.kurosawakoumuten.co.jp/gallery/saitama/,0,2,0%,5.5
https://www.kurosawakoumuten.co.jp/tag/マンションリノベ/,0,2,0%,5.5
https://www.kurosawakoumuten.co.jp/topics/house-seminar-2025-08/,0,2,0%,5.5
https://www.kurosawakoumuten.co.jp/blog/prima-ladies-only-apartment/,0,2,0%,6
https://www.kurosawakoumuten.co.jp/topics/terrace_barbecue_2023-06/,0,2,0%,6
https://www.kurosawakoumuten.co.jp/blog/camera-63/,0,2,0%,6.5
https://www.kurosawakoumuten.co.jp/tag/川口市/,0,2,0%,6.5
https://www.kurosawakoumuten.co.jp/tag/黒澤工務店/,0,2,0%,6.5
https://www.kurosawakoumuten.co.jp/blog/kodak-proimage100/,0,2,0%,7
https://www.kurosawakoumuten.co.jp/blog/reform_renovation/,0,2,0%,7
https://www.kurosawakoumuten.co.jp/tag/デザイン設計/,0,2,0%,7
https://www.kurosawakoumuten.co.jp/topics/kurosawakoumuten-instagramlive-part7/,0,2,0%,7
https://www.kurosawakoumuten.co.jp/blog/comfort-of-living/,0,2,0%,7.5
https://www.kurosawakoumuten.co.jp/tag/トイレ/,0,2,0%,7.5
https://www.kurosawakoumuten.co.jp/topics/instagram/,0,2,0%,7.5
https://www.kurosawakoumuten.co.jp/blog/post-0-344/,0,2,0%,8
https://www.kurosawakoumuten.co.jp/blog/the-secret-of-coolish/,0,2,0%,8
https://www.kurosawakoumuten.co.jp/gallery/saitama-a/,0,2,0%,8
https://www.kurosawakoumuten.co.jp/gallery/saitama-h3/,0,2,0%,8
https://www.kurosawakoumuten.co.jp/gallery/saitamamokuzou/attachment/saitama-h-8/,0,2,0%,8
https://www.kurosawakoumuten.co.jp/topics/kuki-open-house-10/,0,2,0%,8
https://www.kurosawakoumuten.co.jp/topics/okegawa-completion-tour-01/attachment/attachment-0-26/,0,2,0%,8
https://www.kurosawakoumuten.co.jp/topics/post-0-199/,0,2,0%,8
https://www.kurosawakoumuten.co.jp/award/attachment/attachment-0/,0,2,0%,8.5
https://www.kurosawakoumuten.co.jp/blog/2025-big-event/,0,2,0%,8.5
https://www.kurosawakoumuten.co.jp/blog/post-0-112/,0,2,0%,8.5
https://www.kurosawakoumuten.co.jp/blog/post-0-768/,0,2,0%,8.5
https://www.kurosawakoumuten.co.jp/tag/窓/,0,2,0%,8.5
https://www.kurosawakoumuten.co.jp/tag/腰壁/,0,2,0%,8.5
https://www.kurosawakoumuten.co.jp/blog/kurosawamodelmiraizu/,0,2,0%,9
https://www.kurosawakoumuten.co.jp/blog/march-2025/,0,2,0%,9
https://www.kurosawakoumuten.co.jp/blog/shinchikusaitama-13/,0,2,0%,9
https://www.kurosawakoumuten.co.jp/gallery_reform/saitama-nk/attachment/saitama-nk-b3/,0,2,0%,9
https://www.kurosawakoumuten.co.jp/note/zeh/attachment/pexels-karolina-grabowska-4195410/,0,2,0%,9
https://www.kurosawakoumuten.co.jp/tag/賃貸リノベ/,0,2,0%,9
https://www.kurosawakoumuten.co.jp/voice/warabishi-shintiku/,0,2,0%,9
https://www.kurosawakoumuten.co.jp/blog/post-11420/,0,2,0%,9.5
https://www.kurosawakoumuten.co.jp/tag/断熱性能/,0,2,0%,9.5
https://www.kurosawakoumuten.co.jp/blog/pineapple/,0,2,0%,10
https://www.kurosawakoumuten.co.jp/blog/post-0-693/,0,2,0%,10
https://www.kurosawakoumuten.co.jp/topics/suumo-2024-summer/,0,2,0%,10.5
https://www.kurosawakoumuten.co.jp/gallery/saitama-k1/,0,2,0%,11
https://www.kurosawakoumuten.co.jp/blog/post-0-462/,0,2,0%,11.5
https://www.kurosawakoumuten.co.jp/tag/アロマ/,0,2,0%,11.5
https://www.kurosawakoumuten.co.jp/blog/sports-day/,0,2,0%,12
https://www.kurosawakoumuten.co.jp/topics/suumo-2025-winter/,0,2,0%,12
https://www.kurosawakoumuten.co.jp/blog/kurosawa-original-kitchen/,0,2,0%,12.5
https://www.kurosawakoumuten.co.jp/blog/post-0-762/,0,2,0%,13.5
https://www.kurosawakoumuten.co.jp/blog/post-11941/,0,2,0%,15
https://www.kurosawakoumuten.co.jp/blog/post-12011/,0,2,0%,15
https://www.kurosawakoumuten.co.jp/topics/instagram-live-part18/,0,2,0%,15
https://www.kurosawakoumuten.co.jp/topics/suumo-2022-spring/,0,2,0%,15
https://www.kurosawakoumuten.co.jp/voice/omiya-ku/,0,2,0%,15
https://www.kurosawakoumuten.co.jp/topics/instagram-live-part13/,0,2,0%,18.5
https://www.kurosawakoumuten.co.jp/blog/thank-you-instagram-live/,0,2,0%,19
https://www.kurosawakoumuten.co.jp/blog/kurosawaopenhouse-2/,0,2,0%,20
https://www.kurosawakoumuten.co.jp/blog/renovation/,0,2,0%,23
https://www.kurosawakoumuten.co.jp/blog/camera-74/,0,2,0%,24
https://www.kurosawakoumuten.co.jp/new_wp/wp-content/uploads/2022/10/9a15af15394e8be53c803183756c0712.pdf,0,2,0%,27
https://www.kurosawakoumuten.co.jp/blog/post-0-137/,0,2,0%,28
https://www.kurosawakoumuten.co.jp/blog/happy-coffee/,0,2,0%,40.5
https://www.kurosawakoumuten.co.jp/tag/餅まき/,0,2,0%,40.5
https://www.kurosawakoumuten.co.jp/blog/camera-68/,0,2,0%,47.5
https://www.kurosawakoumuten.co.jp/topics/reformfair-2024-08/,0,2,0%,51
https://www.kurosawakoumuten.co.jp/tag/豆まき/,0,2,0%,52
https://www.kurosawakoumuten.co.jp/blog/post-0-392/,0,2,0%,68
https://www.kurosawakoumuten.co.jp/voice/kounosu-shi/,0,2,0%,75
https://www.kurosawakoumuten.co.jp/tag/見学会/,0,2,0%,87.5
https://www.kurosawakoumuten.co.jp/blog/kuroasawasaitama/,0,2,0%,128.5
https://www.kurosawakoumuten.co.jp/blog/camera-30/,0,1,0%,1
https://www.kurosawakoumuten.co.jp/blog/camera-42/,0,1,0%,1
https://www.kurosawakoumuten.co.jp/blog/kawagoe-hikawa-festival/,0,1,0%,1
https://www.kurosawakoumuten.co.jp/blog/kurosawamodelhousesaitama/,0,1,0%,1
https://www.kurosawakoumuten.co.jp/blog/light-up/,0,1,0%,1
https://www.kurosawakoumuten.co.jp/blog/look-up/,0,1,0%,1
https://www.kurosawakoumuten.co.jp/blog/post-0-358/,0,1,0%,1
https://www.kurosawakoumuten.co.jp/blog/post-0-364/,0,1,0%,1
https://www.kurosawakoumuten.co.jp/blog/post-0-786/,0,1,0%,1
https://www.kurosawakoumuten.co.jp/blog/saitamaieshinchikuhousehomemodel/,0,1,0%,1
https://www.kurosawakoumuten.co.jp/note/land-you-shouldnt-buy/#i,0,1,0%,1
https://www.kurosawakoumuten.co.jp/note/land-you-shouldnt-buy/#i-2,0,1,0%,1
https://www.kurosawakoumuten.co.jp/note/land-you-shouldnt-buy/#i-3,0,1,0%,1
https://www.kurosawakoumuten.co.jp/note/land-you-shouldnt-buy/#i-4,0,1,0%,1
https://www.kurosawakoumuten.co.jp/note/land-you-shouldnt-buy/#i-5,0,1,0%,1
https://www.kurosawakoumuten.co.jp/tag/インテリア/,0,1,0%,1
https://www.kurosawakoumuten.co.jp/tag/和モダン/,0,1,0%,1
https://www.kurosawakoumuten.co.jp/tag/大工/,0,1,0%,1
https://www.kurosawakoumuten.co.jp/tag/浦和駅/,0,1,0%,1
https://www.kurosawakoumuten.co.jp/tag/熊本/,0,1,0%,1
https://www.kurosawakoumuten.co.jp/blog/if-you-dont-exercise/,0,1,0%,2
https://www.kurosawakoumuten.co.jp/blog/kukishi-tour-hold/,0,1,0%,2
https://www.kurosawakoumuten.co.jp/blog/lineinstagramopenhousenewmodelhousesuumo/,0,1,0%,2
https://www.kurosawakoumuten.co.jp/blog/model-house/,0,1,0%,2
https://www.kurosawakoumuten.co.jp/blog/national-museum-of-nature-and-sciencetokyo/,0,1,0%,2
https://www.kurosawakoumuten.co.jp/blog/post-0-346/,0,1,0%,2
https://www.kurosawakoumuten.co.jp/note/tyu-monju-taku/#2,0,1,0%,2
https://www.kurosawakoumuten.co.jp/note/tyu-monju-taku/#i,0,1,0%,2
https://www.kurosawakoumuten.co.jp/note/tyu-monju-taku/#i-3,0,1,0%,2
https://www.kurosawakoumuten.co.jp/note/tyu-monju-taku/#i-6,0,1,0%,2
https://www.kurosawakoumuten.co.jp/tag/坂戸市/,0,1,0%,2
https://www.kurosawakoumuten.co.jp/tag/宮代町/,0,1,0%,2
https://www.kurosawakoumuten.co.jp/blog/home-theater/,0,1,0%,3
https://www.kurosawakoumuten.co.jp/blog/post-0-149/,0,1,0%,3
https://www.kurosawakoumuten.co.jp/blog/saitamamaihomeopenhouse/,0,1,0%,3
https://www.kurosawakoumuten.co.jp/gallery/koshigaya-construction-example/attachment/_sw_2910/,0,1,0%,3
https://www.kurosawakoumuten.co.jp/gallery/okegawa/attachment/_sw_1079/,0,1,0%,3
https://www.kurosawakoumuten.co.jp/gallery/saitamauddodekki/attachment/saitama-u-3/,0,1,0%,3
https://www.kurosawakoumuten.co.jp/tag/プリマ/,0,1,0%,3
https://www.kurosawakoumuten.co.jp/tag/和モダン住宅/,0,1,0%,3
https://www.kurosawakoumuten.co.jp/tag/家具/,0,1,0%,3
https://www.kurosawakoumuten.co.jp/tag/木造3階建て/,0,1,0%,3
https://www.kurosawakoumuten.co.jp/tag/照明計画/,0,1,0%,3
https://www.kurosawakoumuten.co.jp/tag/造作テレビ台/,0,1,0%,3
https://www.kurosawakoumuten.co.jp/topics/post-12094/,0,1,0%,3
https://www.kurosawakoumuten.co.jp/topics/stand-by-u/,0,1,0%,3
https://www.kurosawakoumuten.co.jp/voice/koshigaya-s/,0,1,0%,3
https://www.kurosawakoumuten.co.jp/blog/autumn-2025/,0,1,0%,4
https://www.kurosawakoumuten.co.jp/blog/camera-35/,0,1,0%,4
https://www.kurosawakoumuten.co.jp/blog/camera-73/,0,1,0%,4
https://www.kurosawakoumuten.co.jp/blog/kurosawasaitama-2/,0,1,0%,4
https://www.kurosawakoumuten.co.jp/blog/post-0-101/,0,1,0%,4
https://www.kurosawakoumuten.co.jp/blog/post-0-491/,0,1,0%,4
https://www.kurosawakoumuten.co.jp/blog/post-0-84/,0,1,0%,4
https://www.kurosawakoumuten.co.jp/blog/roomtour/,0,1,0%,4
https://www.kurosawakoumuten.co.jp/gallery/hasuda-i/attachment/hasuda-i-3/,0,1,0%,4
https://www.kurosawakoumuten.co.jp/gallery/saitama-h1/,0,1,0%,4
https://www.kurosawakoumuten.co.jp/tag/ココア/,0,1,0%,4
https://www.kurosawakoumuten.co.jp/tag/家づくりノート/,0,1,0%,4
https://www.kurosawakoumuten.co.jp/tag/屋上庭園/,0,1,0%,4
https://www.kurosawakoumuten.co.jp/tag/造作/,0,1,0%,4
https://www.kurosawakoumuten.co.jp/tag/野田市/,0,1,0%,4
https://www.kurosawakoumuten.co.jp/topics/kurosawakoumuten-instagramlive-part6/,0,1,0%,4
https://www.kurosawakoumuten.co.jp/voice/souka_i/,0,1,0%,4
https://www.kurosawakoumuten.co.jp/blog/bbq-4/,0,1,0%,5
https://www.kurosawakoumuten.co.jp/blog/camera-54/,0,1,0%,5
https://www.kurosawakoumuten.co.jp/blog/insulation-performance/,0,1,0%,5
https://www.kurosawakoumuten.co.jp/blog/it-is-hot/,0,1,0%,5
https://www.kurosawakoumuten.co.jp/blog/kurosawakoumuten_interior/,0,1,0%,5
https://www.kurosawakoumuten.co.jp/blog/post-0-411/,0,1,0%,5
https://www.kurosawakoumuten.co.jp/blog/rainy-season/,0,1,0%,5
https://www.kurosawakoumuten.co.jp/blog/reason/,0,1,0%,5
https://www.kurosawakoumuten.co.jp/blog/saitamaivento/,0,1,0%,5
https://www.kurosawakoumuten.co.jp/blog/saitamakurosawaie-2/,0,1,0%,5
https://www.kurosawakoumuten.co.jp/tag/ふじみ野市/,0,1,0%,5
https://www.kurosawakoumuten.co.jp/tag/ラーメン/,0,1,0%,5
https://www.kurosawakoumuten.co.jp/tag/ローコスト/,0,1,0%,5
https://www.kurosawakoumuten.co.jp/tag/京都/,0,1,0%,5
https://www.kurosawakoumuten.co.jp/tag/川越市/,0,1,0%,5
https://www.kurosawakoumuten.co.jp/tag/木造三階建て/,0,1,0%,5
https://www.kurosawakoumuten.co.jp/tag/東大和市/,0,1,0%,5
https://www.kurosawakoumuten.co.jp/tag/赤レンガ/,0,1,0%,5
https://www.kurosawakoumuten.co.jp/topics/house-seminar-2024-10/,0,1,0%,5
https://www.kurosawakoumuten.co.jp/voice/kawaguchishinchiku/,0,1,0%,5
https://www.kurosawakoumuten.co.jp/blog/golden-week2024/,0,1,0%,6
https://www.kurosawakoumuten.co.jp/blog/kurosawamyhome/,0,1,0%,6
https://www.kurosawakoumuten.co.jp/blog/kurosawashinchiku-2/,0,1,0%,6
https://www.kurosawakoumuten.co.jp/blog/nekonokimochi/,0,1,0%,6
https://www.kurosawakoumuten.co.jp/blog/olympic-movie/,0,1,0%,6
https://www.kurosawakoumuten.co.jp/blog/pan/,0,1,0%,6
https://www.kurosawakoumuten.co.jp/blog/post-0-107/,0,1,0%,6
https://www.kurosawakoumuten.co.jp/blog/post-0-118/,0,1,0%,6
https://www.kurosawakoumuten.co.jp/blog/post-0-559/,0,1,0%,6
https://www.kurosawakoumuten.co.jp/blog/romiotojurietto/,0,1,0%,6
https://www.kurosawakoumuten.co.jp/blog/saitamamyhome/,0,1,0%,6
https://www.kurosawakoumuten.co.jp/blog/shinchikukurosawa/,0,1,0%,6
https://www.kurosawakoumuten.co.jp/books/attachment/shiryou1/,0,1,0%,6
https://www.kurosawakoumuten.co.jp/tag/モデルルーム/,0,1,0%,6
https://www.kurosawakoumuten.co.jp/tag/奥日光/,0,1,0%,6
https://www.kurosawakoumuten.co.jp/tag/戸田市/,0,1,0%,6
https://www.kurosawakoumuten.co.jp/tag/美瑛/,0,1,0%,6
https://www.kurosawakoumuten.co.jp/topics/gw-holiday-2025/,0,1,0%,6
https://www.kurosawakoumuten.co.jp/topics/onlineconsultation/,0,1,0%,6
https://www.kurosawakoumuten.co.jp/topics/openhouse-kawagoe/,0,1,0%,6
https://www.kurosawakoumuten.co.jp/topics/saitamaibennto/,0,1,0%,6
https://www.kurosawakoumuten.co.jp/topics/suumozasshihatubai-2/,0,1,0%,6
https://www.kurosawakoumuten.co.jp/blog/camera-56/,0,1,0%,7
https://www.kurosawakoumuten.co.jp/blog/kurosawaie-2/,0,1,0%,7
https://www.kurosawakoumuten.co.jp/blog/kurosawainfo/,0,1,0%,7
https://www.kurosawakoumuten.co.jp/blog/kurosawaline/,0,1,0%,7
https://www.kurosawakoumuten.co.jp/blog/post-0-13/,0,1,0%,7
https://www.kurosawakoumuten.co.jp/blog/post-0-328/,0,1,0%,7
https://www.kurosawakoumuten.co.jp/blog/post-0-349/,0,1,0%,7
https://www.kurosawakoumuten.co.jp/blog/post-12414/,0,1,0%,7
https://www.kurosawakoumuten.co.jp/blog/very-cold/,0,1,0%,7
https://www.kurosawakoumuten.co.jp/comfort/attachment/highclass-2/,0,1,0%,7
https://www.kurosawakoumuten.co.jp/gallery/minamisaitamahiraya/attachment/minamisaitama-i-11/,0,1,0%,7
https://www.kurosawakoumuten.co.jp/tag/ゴミ拾い/,0,1,0%,7
https://www.kurosawakoumuten.co.jp/tag/住宅ローン/,0,1,0%,7
https://www.kurosawakoumuten.co.jp/tag/古民家/,0,1,0%,7
https://www.kurosawakoumuten.co.jp/tag/富岡八幡宮/,0,1,0%,7
https://www.kurosawakoumuten.co.jp/topics/house-seminar-2025-05/,0,1,0%,7
https://www.kurosawakoumuten.co.jp/topics/post-0-88/,0,1,0%,7
https://www.kurosawakoumuten.co.jp/blog/blanket-down-or-up/,0,1,0%,8
https://www.kurosawakoumuten.co.jp/blog/camera-59/,0,1,0%,8
https://www.kurosawakoumuten.co.jp/blog/post-0-138/,0,1,0%,8
https://www.kurosawakoumuten.co.jp/blog/wasanbon/,0,1,0%,8
https://www.kurosawakoumuten.co.jp/gallery/noda-y/attachment/nodasi-y-18/,0,1,0%,8
https://www.kurosawakoumuten.co.jp/tag/メンテナンス/,0,1,0%,8
https://www.kurosawakoumuten.co.jp/tag/南浦和/,0,1,0%,8
https://www.kurosawakoumuten.co.jp/tag/女性専用アパート/,0,1,0%,8
https://www.kurosawakoumuten.co.jp/tag/平屋/,0,1,0%,8
https://www.kurosawakoumuten.co.jp/tag/床暖房/,0,1,0%,8
https://www.kurosawakoumuten.co.jp/tag/ndフィルター/,0,1,0%,8
https://www.kurosawakoumuten.co.jp/topics/2023-summer-holiday/,0,1,0%,8
https://www.kurosawakoumuten.co.jp/topics/ageoshi-completion-tour-02-11-13/,0,1,0%,8
https://www.kurosawakoumuten.co.jp/topics/iedukuri-gakkou-vol-14/,0,1,0%,8
https://www.kurosawakoumuten.co.jp/topics/introduction/,0,1,0%,8
https://www.kurosawakoumuten.co.jp/topics/kurosawaspring-festival/,0,1,0%,8
https://www.kurosawakoumuten.co.jp/topics/kurosawaspringfestival/,0,1,0%,8
https://www.kurosawakoumuten.co.jp/blog/easy-to-clean-home/,0,1,0%,9
https://www.kurosawakoumuten.co.jp/blog/ieevent/,0,1,0%,9
https://www.kurosawakoumuten.co.jp/blog/interior/,0,1,0%,9
https://www.kurosawakoumuten.co.jp/blog/mokkeikai/,0,1,0%,9
https://www.kurosawakoumuten.co.jp/blog/post-0-216/,0,1,0%,9
https://www.kurosawakoumuten.co.jp/blog/post-0-479/,0,1,0%,9
https://www.kurosawakoumuten.co.jp/blog/post-0-532/,0,1,0%,9
https://www.kurosawakoumuten.co.jp/blog/thank-you-instagram-live-2/,0,1,0%,9
https://www.kurosawakoumuten.co.jp/blog/winter-has-come/,0,1,0%,9
https://www.kurosawakoumuten.co.jp/gallery/kawaguchiokujyou/attachment/kawaguchi-h-2/,0,1,0%,9
https://www.kurosawakoumuten.co.jp/tag/いちご/,0,1,0%,9
https://www.kurosawakoumuten.co.jp/tag/リノベ/,0,1,0%,9
https://www.kurosawakoumuten.co.jp/tag/上尾/,0,1,0%,9
https://www.kurosawakoumuten.co.jp/blog/19159/,0,1,0%,10
https://www.kurosawakoumuten.co.jp/blog/cleaning/,0,1,0%,10
https://www.kurosawakoumuten.co.jp/blog/japanese-vs-western/,0,1,0%,10
https://www.kurosawakoumuten.co.jp/gallery/okegawa/attachment/_sw_1300/,0,1,0%,10
https://www.kurosawakoumuten.co.jp/gallery/saitama-s/,0,1,0%,10
https://www.kurosawakoumuten.co.jp/gallery/saitamashinnchiku/attachment/saitama-n-8/,0,1,0%,10
https://www.kurosawakoumuten.co.jp/note/nisetaikurosawa/attachment/pexels-pixabay-302083/,0,1,0%,10
https://www.kurosawakoumuten.co.jp/tag/ニコン/,0,1,0%,10
https://www.kurosawakoumuten.co.jp/tag/バーベキュー/,0,1,0%,10
https://www.kurosawakoumuten.co.jp/tag/レモンタルタル/,0,1,0%,10
https://www.kurosawakoumuten.co.jp/tag/南区/,0,1,0%,10
https://www.kurosawakoumuten.co.jp/tag/長期優良住宅/,0,1,0%,10
https://www.kurosawakoumuten.co.jp/topics/post-0-447/,0,1,0%,10
https://www.kurosawakoumuten.co.jp/blog/bbq-2/,0,1,0%,11
https://www.kurosawakoumuten.co.jp/blog/hausume-ka-saitama/,0,1,0%,11
https://www.kurosawakoumuten.co.jp/blog/hurusato-hureai-fair-2025/,0,1,0%,11
https://www.kurosawakoumuten.co.jp/blog/kurosawakoumuteninstagram-4/,0,1,0%,11
https://www.kurosawakoumuten.co.jp/blog/openhouse-6/,0,1,0%,11
https://www.kurosawakoumuten.co.jp/blog/post-0-296/,0,1,0%,11
https://www.kurosawakoumuten.co.jp/blog/post-0-298/,0,1,0%,11
https://www.kurosawakoumuten.co.jp/blog/post-0-696/,0,1,0%,11
https://www.kurosawakoumuten.co.jp/blog/saitamashinchiku-3/,0,1,0%,11
https://www.kurosawakoumuten.co.jp/blog/training/,0,1,0%,11
https://www.kurosawakoumuten.co.jp/blog/web/,0,1,0%,11
https://www.kurosawakoumuten.co.jp/gallery/saitama-omiya/attachment/_sw_8528/,0,1,0%,11
https://www.kurosawakoumuten.co.jp/tag/伏見稲荷大社/,0,1,0%,11
https://www.kurosawakoumuten.co.jp/tag/岩槻区/,0,1,0%,11
https://www.kurosawakoumuten.co.jp/tag/c-plフィルター/,0,1,0%,11
https://www.kurosawakoumuten.co.jp/tag/nikon-f3/,0,1,0%,11
https://www.kurosawakoumuten.co.jp/topics/ageoshi-openhouse/,0,1,0%,11
https://www.kurosawakoumuten.co.jp/topics/post-0-224/,0,1,0%,11
https://www.kurosawakoumuten.co.jp/blog/enoshima-3/,0,1,0%,12
https://www.kurosawakoumuten.co.jp/blog/horigotatsu/,0,1,0%,12
https://www.kurosawakoumuten.co.jp/blog/mei-crab/,0,1,0%,12
https://www.kurosawakoumuten.co.jp/blog/saitamashinchikutochi/,0,1,0%,12
https://www.kurosawakoumuten.co.jp/gallery_reform/saitamarefomekawaguchi/,0,1,0%,12
https://www.kurosawakoumuten.co.jp/topics/instagram-live-part10/,0,1,0%,12
https://www.kurosawakoumuten.co.jp/topics/instagram-live-part14/,0,1,0%,12
https://www.kurosawakoumuten.co.jp/topics/post-0-381/,0,1,0%,12
https://www.kurosawakoumuten.co.jp/blog/post-0-773/,0,1,0%,13
https://www.kurosawakoumuten.co.jp/topics/houseseminneribento/,0,1,0%,13
https://www.kurosawakoumuten.co.jp/blog/post-0-788/,0,1,0%,14
https://www.kurosawakoumuten.co.jp/blog/kurosawahistory/,0,1,0%,15
https://www.kurosawakoumuten.co.jp/blog/post-0-31/,0,1,0%,17
https://www.kurosawakoumuten.co.jp/blog/surfing/,0,1,0%,17
https://www.kurosawakoumuten.co.jp/tag/オーナー様の声/,0,1,0%,17
https://www.kurosawakoumuten.co.jp/blog/gongenndo/,0,1,0%,18
https://www.kurosawakoumuten.co.jp/voice/kawajima-shinchiku/,0,1,0%,18
https://www.kurosawakoumuten.co.jp/blog/post-0-46/,0,1,0%,19
https://www.kurosawakoumuten.co.jp/tag/新座市/,0,1,0%,19
https://www.kurosawakoumuten.co.jp/topics/suumozasshiopenhouse/,0,1,0%,19
https://www.kurosawakoumuten.co.jp/blog/italian-design-home/,0,1,0%,20
https://www.kurosawakoumuten.co.jp/blog/post-0-550/,0,1,0%,20
https://www.kurosawakoumuten.co.jp/blog/post-0-681/,0,1,0%,20
https://www.kurosawakoumuten.co.jp/blog/post-12467/,0,1,0%,20
https://www.kurosawakoumuten.co.jp/note/dontfail-land-search/attachment/house-1353389_1920-3/,0,1,0%,20
https://www.kurosawakoumuten.co.jp/tag/東照宮/,0,1,0%,20
https://www.kurosawakoumuten.co.jp/blog/nikon-10/,0,1,0%,22
https://www.kurosawakoumuten.co.jp/blog/saitamahouse/,0,1,0%,22
https://www.kurosawakoumuten.co.jp/tag/星形/,0,1,0%,22
https://www.kurosawakoumuten.co.jp/blog/post-0-495/,0,1,0%,24
https://www.kurosawakoumuten.co.jp/blog/post-0-567/,0,1,0%,24
https://www.kurosawakoumuten.co.jp/topics/post-0-501/,0,1,0%,24
https://www.kurosawakoumuten.co.jp/blog/post-0-179/,0,1,0%,25
https://www.kurosawakoumuten.co.jp/blog/saitamareformrenovation/,0,1,0%,33
https://www.kurosawakoumuten.co.jp/tag/江の島/,0,1,0%,37
https://www.kurosawakoumuten.co.jp/blog/kawagoe-yukadanbou/,0,1,0%,39
https://www.kurosawakoumuten.co.jp/blog/post-0-308/,0,1,0%,39
https://www.kurosawakoumuten.co.jp/blog/post-0-612/,0,1,0%,40
https://www.kurosawakoumuten.co.jp/blog/iot-cashless_future/,0,1,0%,41
https://www.kurosawakoumuten.co.jp/blog/post-0-135/,0,1,0%,48
https://www.kurosawakoumuten.co.jp/blog/outlet/,0,1,0%,66
https://www.kurosawakoumuten.co.jp/blog/post-0-413/,0,1,0%,67
https://www.kurosawakoumuten.co.jp/blog/post-0-432/,0,1,0%,67
https://www.kurosawakoumuten.co.jp/blog/9911-2/,0,1,0%,68
https://www.kurosawakoumuten.co.jp/blog/post-0-337/,0,1,0%,69
https://www.kurosawakoumuten.co.jp/blog/post-19124/,0,1,0%,78
https://www.kurosawakoumuten.co.jp/blog/lemon-tartarsauce/,0,1,0%,80
https://www.kurosawakoumuten.co.jp/tag/朝霞市/,0,1,0%,83
https://www.kurosawakoumuten.co.jp/blog/post-0-264/,0,1,0%,94
https://www.kurosawakoumuten.co.jp/topics/post-0-260/,0,1,0%,128
https://www.kurosawakoumuten.co.jp/gallery/saitama-s/attachment/saitama-s-6/,0,1,0%,133
https://www.kurosawakoumuten.co.jp/tag/マンション/,0,1,0%,135
https://www.kurosawakoumuten.co.jp/tag/理想の家/,0,1,0%,177
https://www.kurosawakoumuten.co.jp/tag/技術/,0,1,0%,179
https://www.kurosawakoumuten.co.jp/tag/長野県/,0,1,0%,180
https://www.kurosawakoumuten.co.jp/blog/sweet-potato-softcream/,0,1,0%,307